{"NLP_Sentiment": ["Neutral", "Neutral", "Neutral", "Neutral", "Neutral", "Neutral", "Neutral", "Neutral", "Neutral", "Neutral"], "Positive_Score": [0.33000001311302185, 0.33000001311302185, 0.33000001311302185, 0.33000001311302185, 0.33000001311302185, 0.33000001311302185, 0.33000001311302185, 0.33000001311302185, 0.33000001311302185, 0.33000001311302185], "Neutral_Score": [0.3400000035762787, 0.3400000035762787, 0.3400000035762787, 0.3400000035762787, 0.3400000035762787, 0.3400000035762787, 0.3400000035762787, 0.3400000035762787, 0.3400000035762787, 0.3400000035762787], "Negative_Score": [0.33000001311302185, 0.33000001311302185, 0.33000001311302185, 0.33000001311302185, 0.33000001311302185, 0.33000001311302185, 0.33000001311302185, 0.33000001311302185, 0.33000001311302185, 0.33000001311302185]}